id, play_id, skipped_at
1,20,2015-07-18 03:46:55 -0400
2,24,2015-07-18 05:04:18 -0400
3,32,2015-07-18 06:43:05 -0400
4,34,2015-07-18 07:34:11 -0400
5,43,2015-07-18 09:07:46 -0400
6,54,2015-07-18 11:12:49 -0400
7,55,2015-07-18 11:20:15 -0400
8,65,2015-07-18 13:26:51 -0400
9,70,2015-07-18 14:14:53 -0400
10,71,2015-07-18 14:16:24 -0400
11,74,2015-07-18 15:21:54 -0400
12,82,2015-07-18 16:33:18 -0400
13,83,2015-07-18 16:41:10 -0400
14,90,2015-07-18 21:07:46 -0400
15,97,2015-07-18 21:38:08 -0400
16,102,2015-07-18 22:40:53 -0400
17,111,2015-07-18 23:27:30 -0400
18,116,2015-07-19 00:36:53 -0400
19,118,2015-07-19 01:08:30 -0400
20,129,2015-07-19 02:14:52 -0400
21,133,2015-07-19 03:09:32 -0400
22,135,2015-07-19 03:49:45 -0400
23,136,2015-07-19 04:09:11 -0400
24,137,2015-07-19 04:19:22 -0400
25,160,2015-07-19 07:51:21 -0400
26,171,2015-07-19 09:35:49 -0400
27,187,2015-07-19 13:26:25 -0400
28,191,2015-07-19 14:34:12 -0400
29,197,2015-07-19 16:02:26 -0400
30,202,2015-07-19 16:44:30 -0400
31,206,2015-07-19 17:47:09 -0400
32,207,2015-07-19 17:59:12 -0400
33,220,2015-07-19 20:53:50 -0400
34,223,2015-07-19 21:53:13 -0400
35,230,2015-07-19 23:59:11 -0400
36,233,2015-07-20 01:29:48 -0400
37,239,2015-07-20 02:21:04 -0400
38,242,2015-07-20 02:53:47 -0400
39,246,2015-07-20 03:38:40 -0400
40,248,2015-07-20 04:00:29 -0400
41,268,2015-07-20 06:58:11 -0400
42,284,2015-07-20 10:33:51 -0400
43,288,2015-07-20 11:41:07 -0400
44,291,2015-07-20 12:34:22 -0400
45,296,2015-07-20 13:48:40 -0400
46,301,2015-07-20 14:53:35 -0400
47,302,2015-07-20 15:03:17 -0400
48,325,2015-07-20 19:05:15 -0400
49,338,2015-07-20 20:50:46 -0400
50,339,2015-07-20 21:01:29 -0400
51,348,2015-07-20 23:50:47 -0400
52,349,2015-07-20 23:53:46 -0400
53,357,2015-07-21 02:48:35 -0400
54,365,2015-07-21 05:17:01 -0400
55,366,2015-07-21 05:37:07 -0400
56,368,2015-07-21 06:16:14 -0400
57,380,2015-07-21 08:34:57 -0400
58,391,2015-07-21 11:11:41 -0400
59,397,2015-07-21 11:51:10 -0400
60,404,2015-07-21 13:03:48 -0400
61,405,2015-07-21 13:07:37 -0400
62,406,2015-07-21 13:09:07 -0400
63,435,2015-07-21 18:50:25 -0400
64,457,2015-07-22 01:18:37 -0400
65,464,2015-07-22 02:52:59 -0400
66,472,2015-07-22 04:27:38 -0400
67,474,2015-07-22 04:55:05 -0400
68,480,2015-07-22 05:45:47 -0400
69,485,2015-07-22 07:23:05 -0400
70,486,2015-07-22 07:32:11 -0400
71,508,2015-07-22 13:49:10 -0400
72,518,2015-07-22 16:09:55 -0400
73,522,2015-07-22 17:05:04 -0400
74,527,2015-07-22 17:41:11 -0400
75,532,2015-07-22 18:11:16 -0400
76,542,2015-07-22 20:51:31 -0400
77,544,2015-07-22 21:24:37 -0400
78,545,2015-07-22 21:33:14 -0400
79,551,2015-07-22 22:24:02 -0400
80,554,2015-07-22 23:07:14 -0400
81,559,2015-07-23 00:27:23 -0400
82,564,2015-07-23 01:55:48 -0400
83,573,2015-07-23 04:18:24 -0400
84,577,2015-07-23 04:40:30 -0400
85,593,2015-07-23 06:48:30 -0400
86,607,2015-07-23 10:06:15 -0400
87,616,2015-07-23 11:51:32 -0400
88,617,2015-07-23 12:20:31 -0400
89,630,2015-07-23 15:53:24 -0400
90,638,2015-07-23 17:06:51 -0400
91,642,2015-07-23 17:31:49 -0400
92,645,2015-07-23 18:00:50 -0400
93,652,2015-07-23 18:42:33 -0400
94,664,2015-07-23 20:55:23 -0400
95,668,2015-07-23 21:22:31 -0400
96,680,2015-07-23 22:36:15 -0400
97,684,2015-07-24 00:02:15 -0400
98,686,2015-07-24 00:11:42 -0400
99,695,2015-07-24 02:50:16 -0400
100,714,2015-07-24 05:02:54 -0400
101,716,2015-07-24 05:25:19 -0400
102,720,2015-07-24 07:06:55 -0400
103,724,2015-07-24 07:42:18 -0400
104,727,2015-07-24 09:32:34 -0400
105,730,2015-07-24 09:47:38 -0400
106,737,2015-07-24 11:20:50 -0400
107,739,2015-07-24 11:35:31 -0400
108,747,2015-07-24 12:48:09 -0400
109,748,2015-07-24 12:52:02 -0400
110,762,2015-07-24 15:36:38 -0400
111,766,2015-07-24 17:02:38 -0400
112,767,2015-07-24 17:21:51 -0400
113,780,2015-07-24 20:02:05 -0400
114,786,2015-07-24 21:25:02 -0400
115,806,2015-07-25 02:03:13 -0400
116,814,2015-07-25 04:13:06 -0400
117,827,2015-07-25 07:45:40 -0400
118,834,2015-07-25 09:48:13 -0400
119,849,2015-07-25 11:55:13 -0400
120,854,2015-07-25 12:39:23 -0400
121,855,2015-07-25 12:39:48 -0400
122,866,2015-07-25 14:46:43 -0400
123,867,2015-07-25 14:56:54 -0400
124,869,2015-07-25 15:54:12 -0400
125,872,2015-07-25 16:33:29 -0400
126,884,2015-07-25 19:17:54 -0400
127,896,2015-07-25 21:18:01 -0400
128,908,2015-07-25 23:29:29 -0400
129,911,2015-07-25 23:44:28 -0400
130,915,2015-07-26 00:02:58 -0400
131,923,2015-07-26 01:27:35 -0400
132,955,2015-07-26 07:45:07 -0400
133,960,2015-07-26 08:39:14 -0400
134,961,2015-07-26 08:44:31 -0400
135,965,2015-07-26 09:50:47 -0400
136,970,2015-07-26 10:29:11 -0400
137,979,2015-07-26 12:26:59 -0400
138,993,2015-07-26 14:51:36 -0400
139,994,2015-07-26 14:56:26 -0400
140,997,2015-07-26 15:19:26 -0400
141,998,2015-07-26 15:20:40 -0400
142,1006,2015-07-26 17:09:49 -0400
143,1013,2015-07-26 18:34:33 -0400
144,1023,2015-07-26 20:16:02 -0400
145,1033,2015-07-26 22:11:27 -0400
146,1043,2015-07-27 00:15:41 -0400
147,1046,2015-07-27 01:11:37 -0400
148,1048,2015-07-27 01:36:04 -0400
149,1049,2015-07-27 01:41:12 -0400
150,1050,2015-07-27 01:47:11 -0400
151,1053,2015-07-27 02:34:28 -0400
152,1057,2015-07-27 03:23:54 -0400
153,1070,2015-07-27 05:38:03 -0400
154,1085,2015-07-27 08:57:49 -0400
155,1091,2015-07-27 09:36:16 -0400
156,1094,2015-07-27 10:11:51 -0400
157,1102,2015-07-27 11:29:58 -0400
158,1124,2015-07-27 16:24:17 -0400
159,1126,2015-07-27 17:36:45 -0400
160,1133,2015-07-27 19:13:22 -0400
161,1139,2015-07-27 20:06:07 -0400
162,1155,2015-07-27 23:36:49 -0400
163,1161,2015-07-28 00:17:43 -0400
164,1165,2015-07-28 00:35:06 -0400
165,1169,2015-07-28 01:13:39 -0400
166,1174,2015-07-28 02:56:46 -0400
167,1184,2015-07-28 05:06:15 -0400
168,1224,2015-07-28 12:12:31 -0400
169,1227,2015-07-28 13:03:16 -0400
170,1229,2015-07-28 14:14:53 -0400
171,1237,2015-07-28 15:58:15 -0400
172,1257,2015-07-28 19:46:45 -0400
173,1269,2015-07-28 22:07:56 -0400
174,1280,2015-07-28 23:17:59 -0400
175,1288,2015-07-29 01:17:02 -0400
176,1310,2015-07-29 04:57:18 -0400
177,1314,2015-07-29 05:55:10 -0400
178,1319,2015-07-29 07:49:12 -0400
179,1321,2015-07-29 08:11:48 -0400
180,1323,2015-07-29 08:53:33 -0400
181,1330,2015-07-29 10:54:25 -0400
182,1345,2015-07-29 13:53:44 -0400
183,1353,2015-07-29 16:27:41 -0400
184,1360,2015-07-29 17:14:47 -0400
185,1361,2015-07-29 17:23:22 -0400
186,1363,2015-07-29 17:36:51 -0400
187,1370,2015-07-29 19:12:03 -0400
188,1379,2015-07-29 20:36:11 -0400
189,1394,2015-07-29 23:43:58 -0400
190,1397,2015-07-29 23:58:03 -0400
191,1400,2015-07-30 00:13:55 -0400
192,1404,2015-07-30 01:10:59 -0400
193,1409,2015-07-30 02:04:40 -0400
194,1422,2015-07-30 05:19:12 -0400
195,1424,2015-07-30 05:28:04 -0400
196,1435,2015-07-30 08:50:38 -0400
197,1454,2015-07-30 12:07:58 -0400
198,1456,2015-07-30 12:52:11 -0400
199,1459,2015-07-30 13:54:44 -0400
200,1463,2015-07-30 14:04:33 -0400
201,1474,2015-07-30 16:19:16 -0400
202,1486,2015-07-30 18:52:11 -0400
203,1491,2015-07-30 19:49:10 -0400
204,1495,2015-07-30 20:14:35 -0400
205,1505,2015-07-30 22:16:45 -0400
206,1519,2015-07-31 00:33:36 -0400
207,1524,2015-07-31 01:06:42 -0400
208,1530,2015-07-31 02:06:55 -0400
209,1531,2015-07-31 02:08:55 -0400
210,1541,2015-07-31 03:45:26 -0400
211,1568,2015-07-31 08:00:26 -0400
212,1575,2015-07-31 10:32:01 -0400
213,1588,2015-07-31 12:31:49 -0400
214,1592,2015-07-31 12:49:55 -0400
215,1600,2015-07-31 14:18:11 -0400
216,1606,2015-07-31 14:37:59 -0400
217,1609,2015-07-31 15:10:08 -0400
218,1618,2015-07-31 17:25:00 -0400
219,1624,2015-07-31 20:21:18 -0400
220,1629,2015-07-31 22:44:06 -0400
221,1633,2015-07-31 23:11:52 -0400
222,1647,2015-08-01 02:51:36 -0400
223,1648,2015-08-01 03:03:02 -0400
224,1650,2015-08-01 03:36:26 -0400
225,1656,2015-08-01 04:39:15 -0400
226,1671,2015-08-01 08:31:39 -0400
227,1696,2015-08-01 14:51:47 -0400
228,1699,2015-08-01 15:38:49 -0400
229,1703,2015-08-01 15:59:10 -0400
230,1708,2015-08-01 17:20:03 -0400
231,1718,2015-08-01 19:21:54 -0400
232,1722,2015-08-01 20:16:06 -0400
233,1723,2015-08-01 20:56:46 -0400
234,1724,2015-08-01 20:57:51 -0400
235,1727,2015-08-01 21:27:25 -0400
236,1728,2015-08-01 21:28:38 -0400
237,1729,2015-08-01 21:28:48 -0400
238,1739,2015-08-01 22:59:00 -0400
239,1745,2015-08-02 00:40:31 -0400
240,1747,2015-08-02 00:59:49 -0400
241,1751,2015-08-02 01:50:57 -0400
242,1764,2015-08-02 04:18:05 -0400
243,1772,2015-08-02 05:19:26 -0400
244,1775,2015-08-02 05:38:53 -0400
245,1776,2015-08-02 06:02:30 -0400
246,1783,2015-08-02 07:04:17 -0400
247,1785,2015-08-02 07:08:11 -0400
248,1792,2015-08-02 08:08:34 -0400
249,1802,2015-08-02 10:27:56 -0400
250,1806,2015-08-02 11:58:11 -0400
251,1809,2015-08-02 12:18:12 -0400
252,1810,2015-08-02 12:26:32 -0400
253,1819,2015-08-02 13:37:48 -0400
254,1832,2015-08-02 16:50:01 -0400
255,1848,2015-08-02 19:08:43 -0400
256,1853,2015-08-02 20:26:00 -0400
257,1861,2015-08-02 22:16:35 -0400
258,1885,2015-08-03 03:11:39 -0400
259,1889,2015-08-03 04:10:27 -0400
260,1892,2015-08-03 04:19:58 -0400
261,1895,2015-08-03 04:52:08 -0400
262,1901,2015-08-03 06:02:13 -0400
263,1911,2015-08-03 07:31:06 -0400
264,1922,2015-08-03 08:46:33 -0400
265,1928,2015-08-03 09:38:33 -0400
266,1949,2015-08-03 13:27:52 -0400
267,1971,2015-08-03 18:01:24 -0400
268,1979,2015-08-03 19:12:24 -0400
269,1980,2015-08-03 19:24:52 -0400
270,1986,2015-08-03 20:13:02 -0400
271,1996,2015-08-03 22:14:01 -0400
272,1997,2015-08-03 22:24:56 -0400
273,2007,2015-08-04 00:06:20 -0400
274,2018,2015-08-04 02:50:49 -0400
275,2024,2015-08-04 04:27:25 -0400
276,2028,2015-08-04 05:05:50 -0400
277,2030,2015-08-04 06:00:19 -0400
278,2036,2015-08-04 06:45:40 -0400
279,2038,2015-08-04 07:12:56 -0400
280,2048,2015-08-04 08:18:15 -0400
281,2056,2015-08-04 09:53:14 -0400
282,2071,2015-08-04 12:33:08 -0400
283,2081,2015-08-04 13:53:20 -0400
284,2089,2015-08-04 15:05:55 -0400
285,2117,2015-08-04 19:38:18 -0400
286,2118,2015-08-04 19:42:25 -0400
287,2121,2015-08-04 20:05:03 -0400
288,2123,2015-08-04 20:39:59 -0400
289,2127,2015-08-04 21:19:39 -0400
290,2149,2015-08-04 23:57:09 -0400
291,2170,2015-08-05 02:58:27 -0400
292,2171,2015-08-05 02:58:56 -0400
293,2178,2015-08-05 04:01:04 -0400
294,2180,2015-08-05 04:12:36 -0400
295,2185,2015-08-05 05:26:18 -0400
296,2191,2015-08-05 06:40:14 -0400
297,2202,2015-08-05 09:44:24 -0400
298,2203,2015-08-05 09:44:54 -0400
299,2238,2015-08-05 17:55:52 -0400
300,2239,2015-08-05 18:05:06 -0400
301,2254,2015-08-05 22:27:46 -0400
302,2255,2015-08-05 22:34:26 -0400
303,2259,2015-08-05 22:53:35 -0400
304,2260,2015-08-05 22:53:53 -0400
305,2275,2015-08-06 02:16:07 -0400
306,2312,2015-08-06 09:26:36 -0400
307,2320,2015-08-06 11:54:26 -0400
308,2333,2015-08-06 13:37:03 -0400
309,2341,2015-08-06 15:37:59 -0400
310,2349,2015-08-06 17:26:28 -0400
311,2363,2015-08-06 19:54:58 -0400
312,2369,2015-08-06 22:33:35 -0400
313,2375,2015-08-07 00:04:39 -0400
314,2387,2015-08-07 01:21:38 -0400
315,2395,2015-08-07 03:39:23 -0400
316,2419,2015-08-07 08:47:18 -0400
317,2430,2015-08-07 10:20:21 -0400
318,2431,2015-08-07 10:29:50 -0400
319,2437,2015-08-07 11:22:18 -0400
320,2442,2015-08-07 11:45:33 -0400
321,2459,2015-08-07 15:16:38 -0400
322,2462,2015-08-07 15:37:02 -0400
323,2478,2015-08-07 18:42:12 -0400
324,2480,2015-08-07 18:57:07 -0400
325,2482,2015-08-07 19:41:54 -0400
326,2486,2015-08-07 20:18:39 -0400
327,2490,2015-08-07 20:50:51 -0400
328,2491,2015-08-07 21:00:12 -0400
329,2494,2015-08-07 21:53:39 -0400
330,2498,2015-08-07 22:20:33 -0400
331,2501,2015-08-07 23:08:53 -0400
332,2514,2015-08-08 01:13:59 -0400
333,2515,2015-08-08 01:16:43 -0400
334,2526,2015-08-08 04:21:06 -0400
335,2529,2015-08-08 04:49:25 -0400
336,2540,2015-08-08 06:46:27 -0400
337,2546,2015-08-08 08:35:42 -0400
338,2560,2015-08-08 11:51:17 -0400
339,2562,2015-08-08 12:30:55 -0400
340,2594,2015-08-08 18:36:21 -0400
341,2605,2015-08-08 21:00:20 -0400
342,2611,2015-08-08 22:46:27 -0400
343,2614,2015-08-08 23:49:32 -0400
344,2636,2015-08-09 03:19:49 -0400
345,2643,2015-08-09 04:32:38 -0400
346,2672,2015-08-09 08:58:44 -0400
347,2685,2015-08-09 11:51:09 -0400
348,2691,2015-08-09 12:42:28 -0400
349,2695,2015-08-09 13:34:02 -0400
350,2697,2015-08-09 13:35:24 -0400
351,2719,2015-08-09 18:45:26 -0400
352,2725,2015-08-09 18:56:24 -0400
353,2727,2015-08-09 19:51:42 -0400
354,2730,2015-08-09 21:03:29 -0400
355,2734,2015-08-09 21:33:39 -0400
356,2736,2015-08-09 21:50:54 -0400
357,2741,2015-08-09 22:28:02 -0400
358,2746,2015-08-09 22:39:36 -0400
359,2757,2015-08-10 00:28:36 -0400
360,2761,2015-08-10 00:46:12 -0400
361,2772,2015-08-10 02:17:17 -0400
362,2782,2015-08-10 04:28:35 -0400
363,2783,2015-08-10 04:30:02 -0400
364,2794,2015-08-10 07:03:04 -0400
365,2816,2015-08-10 10:28:30 -0400
366,2818,2015-08-10 10:48:33 -0400
367,2829,2015-08-10 12:07:41 -0400
368,2832,2015-08-10 12:47:32 -0400
369,2842,2015-08-10 14:35:24 -0400
370,2866,2015-08-10 18:12:02 -0400
371,2882,2015-08-10 21:14:25 -0400
372,2884,2015-08-10 21:34:19 -0400
373,2894,2015-08-11 00:03:31 -0400
374,2896,2015-08-11 01:09:04 -0400
375,2898,2015-08-11 01:16:18 -0400
376,2907,2015-08-11 03:11:04 -0400
377,2910,2015-08-11 03:33:23 -0400
378,2929,2015-08-11 06:19:10 -0400
379,2931,2015-08-11 06:31:44 -0400
380,2934,2015-08-11 08:02:07 -0400
381,2938,2015-08-11 08:34:34 -0400
382,2941,2015-08-11 08:53:01 -0400
383,2954,2015-08-11 10:25:47 -0400
384,2956,2015-08-11 10:59:04 -0400
385,2960,2015-08-11 11:47:50 -0400
386,2962,2015-08-11 12:15:09 -0400
387,2977,2015-08-11 15:35:07 -0400
388,2979,2015-08-11 15:55:44 -0400
389,2996,2015-08-11 19:49:09 -0400
390,3024,2015-08-12 01:25:54 -0400
391,3027,2015-08-12 01:36:28 -0400
392,3037,2015-08-12 02:51:14 -0400
393,3039,2015-08-12 03:33:47 -0400
394,3048,2015-08-12 04:17:22 -0400
395,3068,2015-08-12 08:10:22 -0400
396,3085,2015-08-12 11:32:59 -0400
397,3092,2015-08-12 12:17:16 -0400
398,3093,2015-08-12 12:25:06 -0400
399,3105,2015-08-12 14:51:03 -0400
400,3111,2015-08-12 16:12:01 -0400
401,3112,2015-08-12 16:19:47 -0400
402,3114,2015-08-12 16:58:14 -0400
403,3132,2015-08-12 19:41:15 -0400
404,3135,2015-08-12 20:04:26 -0400
405,3148,2015-08-12 22:14:34 -0400
406,3151,2015-08-12 23:01:22 -0400
407,3159,2015-08-13 00:30:41 -0400
408,3161,2015-08-13 01:22:33 -0400
409,3163,2015-08-13 01:41:27 -0400
410,3166,2015-08-13 02:07:38 -0400
411,3174,2015-08-13 03:26:54 -0400
412,3185,2015-08-13 05:41:10 -0400
413,3186,2015-08-13 05:47:05 -0400
414,3196,2015-08-13 07:34:34 -0400
415,3206,2015-08-13 10:00:21 -0400
416,3212,2015-08-13 11:05:43 -0400
417,3214,2015-08-13 11:27:07 -0400
418,3231,2015-08-13 14:45:52 -0400
419,3235,2015-08-13 14:59:38 -0400
420,3238,2015-08-13 15:01:59 -0400
421,3242,2015-08-13 16:06:01 -0400
422,3249,2015-08-13 17:44:02 -0400
423,3253,2015-08-13 18:31:04 -0400
424,3263,2015-08-13 21:27:13 -0400
425,3285,2015-08-14 02:08:30 -0400
426,3293,2015-08-14 03:04:57 -0400
427,3298,2015-08-14 03:59:46 -0400
428,3320,2015-08-14 07:38:14 -0400
429,3324,2015-08-14 08:11:08 -0400
430,3331,2015-08-14 10:17:42 -0400
431,3342,2015-08-14 11:48:17 -0400
432,3361,2015-08-14 16:36:41 -0400
433,3362,2015-08-14 16:40:48 -0400
434,3389,2015-08-14 19:35:19 -0400
435,3390,2015-08-14 19:38:04 -0400
436,3396,2015-08-14 21:24:51 -0400
437,3401,2015-08-14 21:58:33 -0400
438,3405,2015-08-14 22:43:39 -0400
439,3410,2015-08-14 23:15:09 -0400
440,3413,2015-08-14 23:51:03 -0400
441,3414,2015-08-14 23:56:07 -0400
442,3415,2015-08-15 00:20:18 -0400
443,3421,2015-08-15 02:30:15 -0400
444,3424,2015-08-15 03:18:18 -0400
445,3444,2015-08-15 06:36:15 -0400
446,3445,2015-08-15 06:39:52 -0400
447,3447,2015-08-15 07:22:13 -0400
448,3452,2015-08-15 07:41:45 -0400
449,3453,2015-08-15 07:50:12 -0400
450,3466,2015-08-15 09:50:52 -0400
451,3470,2015-08-15 10:27:35 -0400
452,3476,2015-08-15 10:51:16 -0400
453,3484,2015-08-15 12:48:17 -0400
454,3492,2015-08-15 14:34:33 -0400
455,3494,2015-08-15 14:42:30 -0400
456,3539,2015-08-15 22:41:34 -0400
457,3541,2015-08-15 23:08:55 -0400
458,3565,2015-08-16 05:11:29 -0400
459,3586,2015-08-16 09:31:06 -0400
460,3589,2015-08-16 10:06:00 -0400
461,3594,2015-08-16 10:43:13 -0400
462,3612,2015-08-16 15:04:24 -0400
463,3615,2015-08-16 16:33:41 -0400
464,3616,2015-08-16 17:23:27 -0400
465,3617,2015-08-16 17:26:38 -0400
466,3631,2015-08-16 20:10:39 -0400
467,3632,2015-08-16 20:12:13 -0400
468,3634,2015-08-16 20:19:40 -0400
469,3635,2015-08-16 20:26:15 -0400
470,3638,2015-08-16 20:43:07 -0400
471,3653,2015-08-16 22:26:13 -0400
472,3685,2015-08-17 04:44:05 -0400
473,3687,2015-08-17 05:11:59 -0400
474,3696,2015-08-17 06:41:54 -0400
475,3725,2015-08-17 13:12:37 -0400
476,3727,2015-08-17 13:35:21 -0400
477,3752,2015-08-17 18:30:26 -0400
478,3755,2015-08-17 18:58:56 -0400
479,3771,2015-08-17 22:33:17 -0400
480,3785,2015-08-18 00:36:31 -0400
481,3798,2015-08-18 01:53:20 -0400
482,3799,2015-08-18 02:05:56 -0400
483,3804,2015-08-18 03:19:27 -0400
484,3807,2015-08-18 03:51:54 -0400
485,3812,2015-08-18 04:49:25 -0400
486,3815,2015-08-18 05:30:12 -0400
487,3834,2015-08-18 08:59:53 -0400
488,3851,2015-08-18 12:06:21 -0400
489,3856,2015-08-18 13:23:52 -0400
490,3859,2015-08-18 14:28:53 -0400
491,3867,2015-08-18 15:43:19 -0400
492,3891,2015-08-18 19:40:19 -0400
493,3906,2015-08-18 22:59:40 -0400
494,3908,2015-08-18 23:19:14 -0400
495,3916,2015-08-19 00:34:15 -0400
496,3923,2015-08-19 02:04:41 -0400
497,3925,2015-08-19 02:47:23 -0400
498,3929,2015-08-19 03:19:38 -0400
499,3937,2015-08-19 04:58:06 -0400
500,3955,2015-08-19 07:36:24 -0400
501,3961,2015-08-19 09:24:02 -0400
502,3964,2015-08-19 10:25:54 -0400
503,3971,2015-08-19 12:16:55 -0400
504,3975,2015-08-19 12:50:36 -0400
505,3986,2015-08-19 14:57:12 -0400
506,4001,2015-08-19 17:27:54 -0400
507,4002,2015-08-19 17:33:16 -0400
508,4003,2015-08-19 17:44:55 -0400
509,4012,2015-08-19 19:21:46 -0400
510,4032,2015-08-19 23:08:44 -0400
511,4037,2015-08-19 23:54:11 -0400
512,4040,2015-08-20 00:05:54 -0400
513,4044,2015-08-20 01:13:53 -0400
514,4049,2015-08-20 02:21:24 -0400
515,4054,2015-08-20 02:39:23 -0400
516,4057,2015-08-20 03:02:26 -0400
517,4065,2015-08-20 04:17:09 -0400
518,4066,2015-08-20 04:29:16 -0400
519,4073,2015-08-20 05:08:42 -0400
520,4074,2015-08-20 05:10:08 -0400
521,4082,2015-08-20 06:25:35 -0400
522,4087,2015-08-20 07:04:11 -0400
523,4094,2015-08-20 08:27:14 -0400
524,4103,2015-08-20 10:06:45 -0400
525,4110,2015-08-20 11:44:06 -0400
526,4112,2015-08-20 11:58:13 -0400
527,4118,2015-08-20 12:47:58 -0400
528,4131,2015-08-20 15:21:28 -0400
529,4134,2015-08-20 16:13:59 -0400
530,4144,2015-08-20 17:29:54 -0400
531,4150,2015-08-20 18:20:27 -0400
532,4157,2015-08-20 18:51:41 -0400
533,4172,2015-08-20 21:23:38 -0400
534,4192,2015-08-21 03:22:42 -0400
535,4199,2015-08-21 04:41:54 -0400
536,4208,2015-08-21 05:55:50 -0400
537,4212,2015-08-21 06:49:26 -0400
538,4216,2015-08-21 07:14:27 -0400
539,4217,2015-08-21 07:20:29 -0400
540,4219,2015-08-21 07:42:52 -0400
541,4222,2015-08-21 08:04:30 -0400
542,4233,2015-08-21 09:48:41 -0400
543,4234,2015-08-21 09:51:44 -0400
544,4242,2015-08-21 11:51:15 -0400
545,4246,2015-08-21 12:31:33 -0400
546,4247,2015-08-21 12:44:29 -0400
547,4258,2015-08-21 15:13:24 -0400
548,4273,2015-08-21 17:32:51 -0400
549,4286,2015-08-21 20:31:02 -0400
550,4290,2015-08-21 21:16:14 -0400
551,4304,2015-08-21 23:14:10 -0400
552,4305,2015-08-21 23:14:43 -0400
553,4321,2015-08-22 02:00:26 -0400
554,4324,2015-08-22 02:39:48 -0400
555,4327,2015-08-22 03:01:07 -0400
556,4336,2015-08-22 05:14:26 -0400
557,4352,2015-08-22 09:22:04 -0400
558,4355,2015-08-22 09:54:03 -0400
559,4363,2015-08-22 10:57:23 -0400
560,4366,2015-08-22 11:06:49 -0400
561,4371,2015-08-22 12:46:57 -0400
562,4401,2015-08-22 19:43:29 -0400
563,4412,2015-08-22 21:52:31 -0400
564,4414,2015-08-22 21:59:14 -0400
565,4426,2015-08-22 23:44:09 -0400
566,4434,2015-08-23 01:56:12 -0400
567,4443,2015-08-23 03:59:02 -0400
568,4448,2015-08-23 05:06:17 -0400
569,4450,2015-08-23 05:27:45 -0400
570,4454,2015-08-23 06:01:56 -0400
571,4456,2015-08-23 06:33:14 -0400
572,4464,2015-08-23 08:06:38 -0400
573,4474,2015-08-23 10:51:57 -0400
574,4477,2015-08-23 11:36:24 -0400
575,4479,2015-08-23 11:49:36 -0400
576,4483,2015-08-23 12:18:04 -0400
577,4515,2015-08-23 19:15:53 -0400
578,4517,2015-08-23 19:45:04 -0400
579,4523,2015-08-23 20:39:04 -0400
580,4527,2015-08-23 21:37:33 -0400
581,4538,2015-08-24 00:53:47 -0400
582,4554,2015-08-24 04:18:16 -0400
583,4578,2015-08-24 09:39:11 -0400
584,4585,2015-08-24 10:21:32 -0400
585,4586,2015-08-24 10:28:26 -0400
586,4590,2015-08-24 11:09:25 -0400
587,4596,2015-08-24 12:57:09 -0400
588,4597,2015-08-24 13:09:13 -0400
589,4602,2015-08-24 15:23:12 -0400
590,4605,2015-08-24 15:56:56 -0400
591,4645,2015-08-24 23:30:15 -0400
592,4653,2015-08-25 00:45:05 -0400
593,4666,2015-08-25 04:22:39 -0400
594,4669,2015-08-25 04:33:27 -0400
595,4670,2015-08-25 04:48:38 -0400
596,4684,2015-08-25 08:33:26 -0400
597,4697,2015-08-25 12:09:13 -0400
598,4699,2015-08-25 12:33:21 -0400
599,4702,2015-08-25 12:44:07 -0400
600,4704,2015-08-25 13:27:35 -0400
601,4708,2015-08-25 14:19:43 -0400
602,4720,2015-08-25 16:55:26 -0400
603,4723,2015-08-25 17:56:41 -0400
604,4726,2015-08-25 18:06:13 -0400
605,4749,2015-08-25 22:03:13 -0400
606,4759,2015-08-25 23:29:50 -0400
607,4765,2015-08-26 00:24:04 -0400
608,4770,2015-08-26 01:54:28 -0400
609,4773,2015-08-26 02:42:57 -0400
610,4779,2015-08-26 04:00:26 -0400
611,4781,2015-08-26 04:07:19 -0400
612,4784,2015-08-26 04:45:16 -0400
613,4791,2015-08-26 05:29:09 -0400
614,4810,2015-08-26 07:53:42 -0400
615,4826,2015-08-26 11:54:48 -0400
616,4829,2015-08-26 12:50:03 -0400
617,4832,2015-08-26 14:01:47 -0400
618,4842,2015-08-26 15:16:44 -0400
619,4854,2015-08-26 17:29:26 -0400
620,4860,2015-08-26 18:56:34 -0400
621,4863,2015-08-26 19:22:27 -0400
622,4872,2015-08-26 21:35:47 -0400
623,4877,2015-08-26 22:40:37 -0400
624,4885,2015-08-27 00:49:51 -0400
625,4901,2015-08-27 02:30:33 -0400
626,4905,2015-08-27 03:32:09 -0400
627,4922,2015-08-27 05:26:18 -0400
628,4924,2015-08-27 05:51:19 -0400
629,4929,2015-08-27 06:51:23 -0400
630,4937,2015-08-27 09:21:44 -0400
631,4940,2015-08-27 10:04:58 -0400
632,4944,2015-08-27 10:25:25 -0400
633,4950,2015-08-27 11:26:21 -0400
634,4959,2015-08-27 13:41:15 -0400
635,4966,2015-08-27 15:18:19 -0400
636,4968,2015-08-27 15:31:55 -0400
637,4973,2015-08-27 17:29:20 -0400
638,4979,2015-08-27 19:16:29 -0400
639,4992,2015-08-27 21:11:49 -0400
640,5006,2015-08-28 01:09:18 -0400
641,5016,2015-08-28 03:11:23 -0400
642,5038,2015-08-28 06:06:08 -0400
643,5041,2015-08-28 06:27:46 -0400
644,5048,2015-08-28 08:29:27 -0400
645,5062,2015-08-28 11:30:27 -0400
646,5064,2015-08-28 12:04:45 -0400
647,5071,2015-08-28 12:53:35 -0400
648,5082,2015-08-28 14:52:00 -0400
649,5085,2015-08-28 15:33:45 -0400
650,5086,2015-08-28 16:01:01 -0400
651,5111,2015-08-28 23:01:59 -0400
652,5112,2015-08-28 23:04:31 -0400
653,5128,2015-08-29 02:22:05 -0400
654,5134,2015-08-29 03:21:50 -0400
655,5138,2015-08-29 03:55:36 -0400
656,5141,2015-08-29 04:34:50 -0400
657,5142,2015-08-29 04:35:27 -0400
658,5166,2015-08-29 09:11:24 -0400
659,5171,2015-08-29 10:27:28 -0400
660,5172,2015-08-29 10:35:15 -0400
661,5173,2015-08-29 10:43:50 -0400
662,5178,2015-08-29 11:26:26 -0400
663,5181,2015-08-29 11:48:34 -0400
664,5199,2015-08-29 15:40:37 -0400
665,5200,2015-08-29 15:46:47 -0400
666,5201,2015-08-29 16:07:42 -0400
667,5224,2015-08-29 19:38:09 -0400
668,5226,2015-08-29 19:45:19 -0400
669,5227,2015-08-29 20:20:53 -0400
670,5229,2015-08-29 20:31:33 -0400
671,5237,2015-08-29 22:02:54 -0400
672,5242,2015-08-29 23:17:36 -0400
673,5248,2015-08-29 23:56:30 -0400
674,5266,2015-08-30 02:54:53 -0400
675,5272,2015-08-30 03:44:31 -0400
676,5318,2015-08-30 14:15:05 -0400
677,5319,2015-08-30 14:24:49 -0400
678,5324,2015-08-30 14:52:51 -0400
679,5338,2015-08-30 18:18:45 -0400
680,5343,2015-08-30 19:39:51 -0400
681,5347,2015-08-30 20:06:39 -0400
682,5358,2015-08-30 21:21:28 -0400
683,5376,2015-08-31 00:05:19 -0400
684,5378,2015-08-31 00:31:57 -0400
685,5380,2015-08-31 00:43:28 -0400
686,5387,2015-08-31 02:22:02 -0400
687,5390,2015-08-31 02:59:13 -0400
688,5391,2015-08-31 03:08:23 -0400
689,5402,2015-08-31 06:03:52 -0400
690,5411,2015-08-31 08:09:42 -0400
691,5417,2015-08-31 09:15:35 -0400
692,5423,2015-08-31 10:41:23 -0400
693,5425,2015-08-31 11:02:19 -0400
694,5449,2015-08-31 17:12:53 -0400
695,5453,2015-08-31 17:42:50 -0400
696,5466,2015-08-31 20:47:54 -0400
697,5470,2015-08-31 21:38:55 -0400
698,5483,2015-09-01 00:18:20 -0400
699,5496,2015-09-01 02:24:53 -0400
700,5497,2015-09-01 02:49:34 -0400
701,5498,2015-09-01 02:50:39 -0400
702,5518,2015-09-01 05:46:28 -0400
703,5520,2015-09-01 06:01:54 -0400
704,5522,2015-09-01 06:45:00 -0400
705,5526,2015-09-01 08:06:19 -0400
706,5529,2015-09-01 08:28:56 -0400
707,5531,2015-09-01 08:49:10 -0400
708,5540,2015-09-01 10:34:16 -0400
709,5550,2015-09-01 11:31:14 -0400
710,5552,2015-09-01 11:43:36 -0400
711,5561,2015-09-01 13:23:28 -0400
712,5569,2015-09-01 14:54:26 -0400
713,5582,2015-09-01 18:36:07 -0400
714,5584,2015-09-01 19:05:49 -0400
715,5599,2015-09-01 21:43:45 -0400
716,5600,2015-09-01 21:45:30 -0400
717,5602,2015-09-01 22:47:34 -0400
718,5620,2015-09-02 01:11:57 -0400
719,5621,2015-09-02 01:18:28 -0400
720,5641,2015-09-02 04:38:08 -0400
721,5642,2015-09-02 04:43:06 -0400
722,5649,2015-09-02 05:36:43 -0400
723,5655,2015-09-02 06:54:59 -0400
724,5695,2015-09-02 14:52:18 -0400
725,5698,2015-09-02 15:39:44 -0400
726,5701,2015-09-02 15:57:00 -0400
727,5705,2015-09-02 16:51:25 -0400
728,5707,2015-09-02 17:05:14 -0400
729,5708,2015-09-02 18:05:23 -0400
730,5713,2015-09-02 19:08:25 -0400
731,5714,2015-09-02 19:29:40 -0400
732,5722,2015-09-02 21:35:57 -0400
733,5740,2015-09-03 01:37:28 -0400
734,5741,2015-09-03 01:41:06 -0400
735,5743,2015-09-03 02:16:17 -0400
736,5761,2015-09-03 05:20:58 -0400
737,5762,2015-09-03 05:29:47 -0400
738,5770,2015-09-03 07:17:22 -0400
739,5773,2015-09-03 07:40:57 -0400
740,5778,2015-09-03 08:16:16 -0400
741,5779,2015-09-03 08:18:16 -0400
742,5782,2015-09-03 08:49:05 -0400
743,5784,2015-09-03 09:09:24 -0400
744,5786,2015-09-03 09:12:07 -0400
745,5790,2015-09-03 10:35:57 -0400
746,5794,2015-09-03 11:39:06 -0400
747,5798,2015-09-03 12:03:41 -0400
748,5808,2015-09-03 13:23:39 -0400
749,5809,2015-09-03 13:43:25 -0400
750,5813,2015-09-03 14:12:21 -0400
751,5817,2015-09-03 16:10:41 -0400
752,5821,2015-09-03 16:41:17 -0400
753,5831,2015-09-03 18:14:25 -0400
754,5854,2015-09-03 22:15:35 -0400
755,5865,2015-09-04 00:38:04 -0400
756,5878,2015-09-04 02:54:32 -0400
757,5882,2015-09-04 03:38:23 -0400
758,5885,2015-09-04 03:56:13 -0400
759,5896,2015-09-04 07:47:28 -0400
760,5912,2015-09-04 10:34:20 -0400
761,5914,2015-09-04 11:20:31 -0400
762,5928,2015-09-04 15:26:04 -0400
763,5948,2015-09-04 18:34:06 -0400
764,5961,2015-09-04 20:25:29 -0400
765,5982,2015-09-05 00:32:53 -0400
766,6008,2015-09-05 05:38:20 -0400
767,6022,2015-09-05 08:49:06 -0400
768,6024,2015-09-05 09:29:16 -0400
769,6032,2015-09-05 11:18:00 -0400
770,6040,2015-09-05 12:15:08 -0400
771,6044,2015-09-05 12:52:33 -0400
772,6055,2015-09-05 15:36:55 -0400
773,6069,2015-09-05 19:00:43 -0400
774,6071,2015-09-05 19:15:33 -0400
775,6072,2015-09-05 19:19:42 -0400
776,6080,2015-09-05 20:46:22 -0400
777,6082,2015-09-05 21:23:55 -0400
778,6083,2015-09-05 21:26:55 -0400
779,6087,2015-09-05 21:48:48 -0400
780,6088,2015-09-05 21:51:32 -0400
781,6093,2015-09-05 22:36:16 -0400
782,6099,2015-09-06 00:05:37 -0400
783,6105,2015-09-06 01:22:03 -0400
784,6117,2015-09-06 04:40:24 -0400
785,6164,2015-09-06 15:05:33 -0400
786,6165,2015-09-06 15:11:33 -0400
787,6167,2015-09-06 15:47:03 -0400
788,6170,2015-09-06 17:27:36 -0400
789,6172,2015-09-06 17:35:26 -0400
790,6173,2015-09-06 17:48:41 -0400
791,6175,2015-09-06 18:15:54 -0400
792,6192,2015-09-06 20:25:54 -0400
793,6206,2015-09-06 23:04:23 -0400
794,6210,2015-09-06 23:42:06 -0400
795,6226,2015-09-07 02:37:28 -0400
796,6232,2015-09-07 03:26:08 -0400
797,6239,2015-09-07 04:33:09 -0400
798,6262,2015-09-07 07:55:25 -0400
799,6266,2015-09-07 09:01:53 -0400
800,6275,2015-09-07 10:12:38 -0400
801,6282,2015-09-07 11:58:15 -0400
802,6289,2015-09-07 14:05:31 -0400
803,6290,2015-09-07 14:06:21 -0400
804,6294,2015-09-07 15:21:06 -0400
805,6310,2015-09-07 19:02:35 -0400
806,6328,2015-09-07 21:58:57 -0400
807,6337,2015-09-07 23:56:09 -0400
808,6340,2015-09-08 01:11:19 -0400
809,6341,2015-09-08 01:16:02 -0400
810,6342,2015-09-08 02:00:13 -0400
811,6345,2015-09-08 02:37:49 -0400
812,6346,2015-09-08 02:46:37 -0400
813,6351,2015-09-08 03:30:43 -0400
814,6386,2015-09-08 09:23:38 -0400
815,6396,2015-09-08 11:40:56 -0400
816,6397,2015-09-08 11:59:39 -0400
817,6410,2015-09-08 14:45:59 -0400
818,6427,2015-09-08 18:00:19 -0400
819,6428,2015-09-08 18:08:17 -0400
820,6430,2015-09-08 18:24:40 -0400
821,6440,2015-09-08 19:58:04 -0400
822,6458,2015-09-09 00:18:07 -0400
823,6464,2015-09-09 01:25:51 -0400
824,6468,2015-09-09 02:06:16 -0400
825,6486,2015-09-09 04:04:18 -0400
826,6494,2015-09-09 06:30:17 -0400
827,6502,2015-09-09 07:53:12 -0400
828,6508,2015-09-09 08:22:05 -0400
829,6510,2015-09-09 08:27:23 -0400
830,6515,2015-09-09 09:31:44 -0400
831,6529,2015-09-09 12:27:50 -0400
832,6530,2015-09-09 12:45:32 -0400
833,6535,2015-09-09 13:22:47 -0400
834,6539,2015-09-09 13:57:09 -0400
835,6576,2015-09-09 20:31:34 -0400
836,6577,2015-09-09 20:55:49 -0400
837,6588,2015-09-09 22:39:59 -0400
838,6589,2015-09-09 23:01:22 -0400
839,6606,2015-09-10 01:13:33 -0400
840,6607,2015-09-10 01:15:21 -0400
841,6608,2015-09-10 01:19:42 -0400
842,6613,2015-09-10 01:57:24 -0400
843,6624,2015-09-10 04:32:07 -0400
844,6629,2015-09-10 05:26:33 -0400
845,6631,2015-09-10 05:27:56 -0400
846,6646,2015-09-10 08:46:08 -0400
847,6662,2015-09-10 11:58:02 -0400
848,6682,2015-09-10 16:03:16 -0400
849,6697,2015-09-10 17:45:16 -0400
850,6719,2015-09-10 23:02:58 -0400
851,6730,2015-09-11 01:33:35 -0400
852,6737,2015-09-11 02:23:51 -0400
853,6739,2015-09-11 02:42:12 -0400
854,6765,2015-09-11 07:34:39 -0400
855,6766,2015-09-11 07:49:56 -0400
856,6768,2015-09-11 07:56:38 -0400
857,6773,2015-09-11 08:35:44 -0400
858,6776,2015-09-11 09:07:59 -0400
859,6783,2015-09-11 10:40:50 -0400
860,6787,2015-09-11 11:15:15 -0400
861,6799,2015-09-11 15:17:03 -0400
862,6801,2015-09-11 15:24:48 -0400
863,6808,2015-09-11 16:46:13 -0400
864,6822,2015-09-11 19:36:25 -0400
865,6829,2015-09-11 20:44:43 -0400
866,6837,2015-09-11 22:03:10 -0400
867,6849,2015-09-12 00:39:21 -0400
868,6862,2015-09-12 02:29:57 -0400
869,6871,2015-09-12 04:13:14 -0400
870,6873,2015-09-12 05:26:01 -0400
871,6884,2015-09-12 07:39:28 -0400
872,6886,2015-09-12 08:04:58 -0400
873,6892,2015-09-12 09:34:00 -0400
874,6896,2015-09-12 09:55:27 -0400
875,6904,2015-09-12 12:18:48 -0400
876,6906,2015-09-12 12:25:52 -0400
877,6908,2015-09-12 12:39:13 -0400
878,6911,2015-09-12 13:11:32 -0400
879,6919,2015-09-12 14:02:07 -0400
880,6938,2015-09-12 17:06:49 -0400
881,6968,2015-09-12 21:56:05 -0400
882,6973,2015-09-12 22:44:10 -0400
883,6976,2015-09-12 23:31:33 -0400
884,6989,2015-09-13 02:11:09 -0400
885,7003,2015-09-13 03:39:02 -0400
886,7012,2015-09-13 06:05:33 -0400
887,7016,2015-09-13 06:48:45 -0400
888,7021,2015-09-13 09:57:57 -0400
889,7040,2015-09-13 14:37:24 -0400
890,7041,2015-09-13 14:48:33 -0400
891,7061,2015-09-13 18:42:41 -0400
892,7068,2015-09-13 19:57:30 -0400
893,7074,2015-09-13 21:25:38 -0400
894,7080,2015-09-13 22:24:37 -0400
895,7101,2015-09-14 02:02:41 -0400
896,7104,2015-09-14 02:41:07 -0400
897,7112,2015-09-14 05:01:49 -0400
898,7116,2015-09-14 05:42:30 -0400
899,7125,2015-09-14 08:07:31 -0400
900,7130,2015-09-14 08:42:49 -0400
901,7134,2015-09-14 09:52:16 -0400
902,7136,2015-09-14 10:13:16 -0400
903,7144,2015-09-14 11:46:51 -0400
904,7148,2015-09-14 13:05:38 -0400
905,7150,2015-09-14 13:40:31 -0400
906,7172,2015-09-14 18:34:00 -0400
907,7177,2015-09-14 20:16:23 -0400
908,7185,2015-09-14 21:54:45 -0400
909,7209,2015-09-15 02:14:40 -0400
910,7210,2015-09-15 02:23:47 -0400
911,7231,2015-09-15 06:19:44 -0400
912,7237,2015-09-15 08:09:18 -0400
913,7260,2015-09-15 13:45:22 -0400
914,7261,2015-09-15 13:46:08 -0400
915,7266,2015-09-15 14:19:29 -0400
916,7288,2015-09-15 17:55:08 -0400
917,7293,2015-09-15 18:18:42 -0400
918,7296,2015-09-15 18:44:52 -0400
919,7305,2015-09-15 20:35:16 -0400
920,7306,2015-09-15 20:46:10 -0400
921,7309,2015-09-15 21:20:51 -0400
922,7310,2015-09-15 21:27:59 -0400
923,7325,2015-09-15 23:27:41 -0400
924,7339,2015-09-16 01:59:16 -0400
925,7340,2015-09-16 02:11:21 -0400
926,7355,2015-09-16 04:47:22 -0400
927,7361,2015-09-16 06:07:42 -0400
928,7363,2015-09-16 06:15:24 -0400
929,7370,2015-09-16 08:13:11 -0400
930,7388,2015-09-16 10:58:51 -0400
931,7397,2015-09-16 13:09:05 -0400
932,7404,2015-09-16 14:34:31 -0400
933,7407,2015-09-16 15:00:56 -0400
934,7420,2015-09-16 17:07:26 -0400
935,7424,2015-09-16 18:07:10 -0400
936,7435,2015-09-16 20:45:24 -0400
937,7468,2015-09-17 04:46:23 -0400
938,7473,2015-09-17 05:35:50 -0400
939,7483,2015-09-17 06:44:56 -0400
940,7496,2015-09-17 08:50:02 -0400
941,7515,2015-09-17 11:22:47 -0400
942,7523,2015-09-17 13:10:04 -0400
943,7529,2015-09-17 13:43:22 -0400
944,7531,2015-09-17 14:07:25 -0400
945,7533,2015-09-17 14:34:02 -0400
946,7537,2015-09-17 15:21:52 -0400
947,7547,2015-09-17 17:42:35 -0400
948,7548,2015-09-17 17:45:39 -0400
949,7553,2015-09-17 19:08:47 -0400
950,7561,2015-09-17 20:41:51 -0400
951,7572,2015-09-17 22:15:07 -0400
952,7581,2015-09-18 00:34:30 -0400
953,7584,2015-09-18 01:11:57 -0400
954,7598,2015-09-18 05:29:38 -0400
955,7599,2015-09-18 05:44:45 -0400
956,7600,2015-09-18 05:45:10 -0400
957,7601,2015-09-18 05:45:28 -0400
958,7605,2015-09-18 06:24:51 -0400
959,7616,2015-09-18 09:24:51 -0400
960,7654,2015-09-18 17:51:52 -0400
961,7661,2015-09-18 19:03:12 -0400
962,7662,2015-09-18 19:13:35 -0400
963,7663,2015-09-18 19:26:17 -0400
964,7664,2015-09-18 19:35:53 -0400
965,7675,2015-09-18 21:53:25 -0400
966,7685,2015-09-18 23:10:49 -0400
967,7689,2015-09-18 23:59:13 -0400
968,7693,2015-09-19 01:41:43 -0400
969,7706,2015-09-19 04:07:32 -0400
970,7717,2015-09-19 06:43:41 -0400
971,7721,2015-09-19 08:11:18 -0400
972,7732,2015-09-19 09:58:08 -0400
973,7763,2015-09-19 16:45:50 -0400
974,7765,2015-09-19 16:51:36 -0400
975,7768,2015-09-19 18:06:22 -0400
976,7771,2015-09-19 18:22:40 -0400
977,7787,2015-09-19 21:15:41 -0400
978,7793,2015-09-19 23:14:02 -0400
979,7797,2015-09-19 23:22:43 -0400
980,7814,2015-09-20 02:21:02 -0400
981,7819,2015-09-20 02:43:43 -0400
982,7823,2015-09-20 03:44:39 -0400
983,7831,2015-09-20 05:56:47 -0400
984,7833,2015-09-20 07:17:01 -0400
985,7841,2015-09-20 08:36:24 -0400
986,7860,2015-09-20 11:28:27 -0400
987,7865,2015-09-20 12:17:55 -0400
988,7870,2015-09-20 13:06:37 -0400
989,7875,2015-09-20 13:47:42 -0400
990,7877,2015-09-20 14:06:53 -0400
991,7891,2015-09-20 17:34:53 -0400
992,7893,2015-09-20 17:50:21 -0400
993,7894,2015-09-20 17:59:20 -0400
994,7900,2015-09-20 19:14:48 -0400
995,7906,2015-09-20 21:05:32 -0400
996,7924,2015-09-21 01:03:00 -0400
997,7936,2015-09-21 03:38:12 -0400
998,7938,2015-09-21 03:46:59 -0400
999,7946,2015-09-21 05:04:40 -0400
1000,7961,2015-09-21 08:09:56 -0400
1001,7964,2015-09-21 08:41:50 -0400
1002,7969,2015-09-21 09:50:17 -0400
1003,7972,2015-09-21 10:34:06 -0400
1004,7975,2015-09-21 11:29:32 -0400
1005,7980,2015-09-21 12:08:50 -0400
1006,7990,2015-09-21 13:01:44 -0400
1007,7998,2015-09-21 14:14:15 -0400
1008,8000,2015-09-21 14:29:41 -0400
1009,8001,2015-09-21 14:32:19 -0400
1010,8003,2015-09-21 14:43:37 -0400
1011,8008,2015-09-21 15:48:31 -0400
1012,8023,2015-09-21 19:48:07 -0400
1013,8048,2015-09-22 01:52:08 -0400
1014,8049,2015-09-22 01:53:40 -0400
1015,8075,2015-09-22 06:27:08 -0400
1016,8079,2015-09-22 07:26:39 -0400
1017,8083,2015-09-22 09:12:07 -0400
1018,8100,2015-09-22 13:08:38 -0400
1019,8102,2015-09-22 13:51:24 -0400
1020,8104,2015-09-22 13:59:56 -0400
1021,8106,2015-09-22 14:05:56 -0400
1022,8109,2015-09-22 14:50:50 -0400
1023,8117,2015-09-22 16:31:28 -0400
1024,8121,2015-09-22 17:32:41 -0400
1025,8125,2015-09-22 17:52:48 -0400
1026,8126,2015-09-22 17:58:35 -0400
1027,8130,2015-09-22 18:19:49 -0400
1028,8139,2015-09-22 19:22:58 -0400
1029,8140,2015-09-22 19:28:35 -0400
1030,8149,2015-09-22 20:51:00 -0400
1031,8158,2015-09-22 22:14:59 -0400
1032,8161,2015-09-22 23:10:43 -0400
1033,8165,2015-09-22 23:39:26 -0400
1034,8169,2015-09-23 00:56:19 -0400
1035,8176,2015-09-23 02:39:29 -0400
1036,8179,2015-09-23 03:50:20 -0400
1037,8193,2015-09-23 06:26:19 -0400
1038,8203,2015-09-23 07:57:43 -0400
1039,8207,2015-09-23 08:59:38 -0400
1040,8220,2015-09-23 11:52:33 -0400
1041,8223,2015-09-23 11:57:56 -0400
1042,8226,2015-09-23 12:30:34 -0400
1043,8230,2015-09-23 12:54:36 -0400
1044,8259,2015-09-23 18:46:07 -0400
1045,8265,2015-09-23 19:32:16 -0400
1046,8269,2015-09-23 21:32:46 -0400
1047,8277,2015-09-23 23:10:05 -0400
1048,8283,2015-09-24 00:54:11 -0400
1049,8286,2015-09-24 01:21:07 -0400
1050,8292,2015-09-24 03:05:08 -0400
1051,8297,2015-09-24 03:49:40 -0400
1052,8299,2015-09-24 04:29:24 -0400
1053,8305,2015-09-24 05:24:56 -0400
1054,8313,2015-09-24 06:55:42 -0400
1055,8316,2015-09-24 07:42:17 -0400
1056,8324,2015-09-24 08:59:05 -0400
1057,8334,2015-09-24 11:19:08 -0400
1058,8362,2015-09-24 16:32:43 -0400
1059,8369,2015-09-24 17:18:53 -0400
1060,8392,2015-09-24 21:23:10 -0400
1061,8396,2015-09-24 22:06:31 -0400
1062,8399,2015-09-24 22:43:25 -0400
1063,8428,2015-09-25 04:53:06 -0400
1064,8431,2015-09-25 05:57:31 -0400
1065,8440,2015-09-25 07:30:40 -0400
1066,8462,2015-09-25 12:10:32 -0400
1067,8495,2015-09-25 21:08:14 -0400
1068,8496,2015-09-25 21:18:23 -0400
1069,8508,2015-09-25 23:45:10 -0400
1070,8516,2015-09-26 02:35:39 -0400
1071,8532,2015-09-26 06:34:19 -0400
1072,8537,2015-09-26 07:44:54 -0400
1073,8539,2015-09-26 08:24:48 -0400
1074,8556,2015-09-26 10:57:54 -0400
1075,8571,2015-09-26 12:58:51 -0400
1076,8614,2015-09-26 21:55:10 -0400
1077,8618,2015-09-26 22:40:14 -0400
1078,8629,2015-09-27 00:13:12 -0400
1079,8630,2015-09-27 00:16:01 -0400
1080,8653,2015-09-27 05:01:31 -0400
1081,8659,2015-09-27 05:27:34 -0400
1082,8676,2015-09-27 07:55:50 -0400
1083,8688,2015-09-27 11:16:44 -0400
1084,8691,2015-09-27 11:27:56 -0400
1085,8702,2015-09-27 14:36:11 -0400
1086,8705,2015-09-27 16:02:17 -0400
1087,8713,2015-09-27 16:44:46 -0400
1088,8716,2015-09-27 17:41:23 -0400
1089,8718,2015-09-27 17:55:18 -0400
1090,8720,2015-09-27 18:30:24 -0400
1091,8730,2015-09-27 20:54:58 -0400
1092,8737,2015-09-27 23:01:00 -0400
1093,8739,2015-09-27 23:30:58 -0400
1094,8743,2015-09-27 23:44:59 -0400
1095,8746,2015-09-28 00:10:03 -0400
1096,8747,2015-09-28 00:18:10 -0400
1097,8750,2015-09-28 00:22:51 -0400
1098,8757,2015-09-28 01:55:40 -0400
1099,8760,2015-09-28 02:50:13 -0400
1100,8765,2015-09-28 03:21:40 -0400
1101,8766,2015-09-28 03:31:43 -0400
1102,8770,2015-09-28 04:07:20 -0400
1103,8773,2015-09-28 04:52:41 -0400
1104,8796,2015-09-28 08:10:43 -0400
1105,8805,2015-09-28 09:49:04 -0400
1106,8809,2015-09-28 10:12:42 -0400
1107,8811,2015-09-28 10:48:41 -0400
1108,8812,2015-09-28 10:57:10 -0400
1109,8820,2015-09-28 12:31:39 -0400
1110,8836,2015-09-28 15:50:35 -0400
1111,8850,2015-09-28 19:09:22 -0400
1112,8861,2015-09-28 22:02:47 -0400
1113,8862,2015-09-28 22:18:51 -0400
1114,8881,2015-09-29 01:59:45 -0400
1115,8893,2015-09-29 06:31:54 -0400
1116,8896,2015-09-29 06:54:11 -0400
1117,8898,2015-09-29 07:16:40 -0400
1118,8904,2015-09-29 08:51:56 -0400
1119,8907,2015-09-29 09:20:22 -0400
1120,8917,2015-09-29 10:26:25 -0400
1121,8923,2015-09-29 11:42:49 -0400
1122,8933,2015-09-29 12:53:56 -0400
1123,8952,2015-09-29 18:05:02 -0400
1124,8965,2015-09-29 20:28:08 -0400
1125,8966,2015-09-29 20:30:01 -0400
1126,8970,2015-09-29 21:33:23 -0400
1127,8972,2015-09-29 22:11:11 -0400
1128,8983,2015-09-30 00:37:34 -0400
1129,9003,2015-09-30 03:03:28 -0400
1130,9005,2015-09-30 03:29:10 -0400
1131,9013,2015-09-30 06:26:15 -0400
1132,9014,2015-09-30 06:29:09 -0400
1133,9016,2015-09-30 06:55:17 -0400
1134,9018,2015-09-30 07:24:58 -0400
1135,9030,2015-09-30 10:17:41 -0400
1136,9037,2015-09-30 11:59:03 -0400
1137,9041,2015-09-30 12:50:06 -0400
1138,9046,2015-09-30 13:35:59 -0400
1139,9048,2015-09-30 14:02:13 -0400
1140,9049,2015-09-30 14:31:50 -0400
1141,9053,2015-09-30 14:49:02 -0400
1142,9070,2015-09-30 18:27:51 -0400
1143,9074,2015-09-30 19:21:47 -0400
1144,9084,2015-09-30 20:43:07 -0400
1145,9089,2015-09-30 21:37:40 -0400
1146,9092,2015-09-30 22:14:29 -0400
1147,9093,2015-09-30 22:16:48 -0400
1148,9112,2015-10-01 00:53:28 -0400
1149,9116,2015-10-01 01:27:58 -0400
1150,9130,2015-10-01 04:35:36 -0400
1151,9138,2015-10-01 06:17:26 -0400
1152,9140,2015-10-01 07:49:26 -0400
1153,9146,2015-10-01 09:09:31 -0400
1154,9152,2015-10-01 09:46:26 -0400
1155,9156,2015-10-01 10:50:21 -0400
1156,9162,2015-10-01 11:51:28 -0400
1157,9165,2015-10-01 13:22:38 -0400
1158,9188,2015-10-01 17:40:10 -0400
1159,9209,2015-10-01 23:23:50 -0400
1160,9230,2015-10-02 03:24:31 -0400
1161,9233,2015-10-02 03:52:18 -0400
1162,9236,2015-10-02 04:47:07 -0400
1163,9240,2015-10-02 05:18:47 -0400
1164,9248,2015-10-02 06:54:24 -0400
1165,9254,2015-10-02 07:34:03 -0400
1166,9264,2015-10-02 09:30:58 -0400
1167,9266,2015-10-02 10:06:14 -0400
1168,9278,2015-10-02 12:27:48 -0400
1169,9280,2015-10-02 12:59:12 -0400
1170,9303,2015-10-02 17:12:18 -0400
1171,9311,2015-10-02 19:11:08 -0400
1172,9318,2015-10-02 20:13:52 -0400
1173,9319,2015-10-02 20:17:14 -0400
1174,9324,2015-10-02 20:48:28 -0400
1175,9327,2015-10-02 21:21:55 -0400
1176,9332,2015-10-02 22:09:17 -0400
1177,9338,2015-10-02 23:22:12 -0400
1178,9351,2015-10-03 00:39:37 -0400
1179,9366,2015-10-03 03:07:16 -0400
1180,9377,2015-10-03 04:14:39 -0400
1181,9397,2015-10-03 09:00:28 -0400
1182,9407,2015-10-03 11:00:43 -0400
1183,9410,2015-10-03 11:16:30 -0400
1184,9415,2015-10-03 13:12:54 -0400
1185,9423,2015-10-03 14:21:20 -0400
1186,9431,2015-10-03 17:09:41 -0400
1187,9433,2015-10-03 17:27:01 -0400
1188,9472,2015-10-03 23:02:14 -0400
1189,9473,2015-10-03 23:15:58 -0400
1190,9477,2015-10-04 00:27:32 -0400
1191,9481,2015-10-04 01:41:37 -0400
1192,9490,2015-10-04 02:46:27 -0400
1193,9493,2015-10-04 03:39:27 -0400
1194,9502,2015-10-04 05:22:49 -0400
1195,9504,2015-10-04 05:49:59 -0400
1196,9505,2015-10-04 06:13:20 -0400
1197,9506,2015-10-04 06:15:54 -0400
1198,9509,2015-10-04 06:43:47 -0400
1199,9519,2015-10-04 09:37:19 -0400
1200,9527,2015-10-04 11:28:21 -0400
1201,9530,2015-10-04 11:36:07 -0400
1202,9532,2015-10-04 11:42:11 -0400
1203,9550,2015-10-04 14:57:09 -0400
1204,9565,2015-10-04 17:54:53 -0400
1205,9568,2015-10-04 18:21:32 -0400
1206,9574,2015-10-04 19:14:23 -0400
1207,9599,2015-10-04 23:18:34 -0400
1208,9605,2015-10-05 00:21:11 -0400
1209,9610,2015-10-05 01:21:01 -0400
1210,9636,2015-10-05 06:25:30 -0400
1211,9637,2015-10-05 06:27:14 -0400
1212,9652,2015-10-05 08:56:44 -0400
1213,9697,2015-10-05 18:50:59 -0400
1214,9728,2015-10-06 02:29:42 -0400
1215,9755,2015-10-06 07:23:06 -0400
1216,9762,2015-10-06 08:43:12 -0400
1217,9799,2015-10-06 16:01:52 -0400
1218,9802,2015-10-06 16:31:42 -0400
1219,9815,2015-10-06 18:41:23 -0400
1220,9822,2015-10-06 20:21:43 -0400
1221,9825,2015-10-06 20:51:59 -0400
1222,9835,2015-10-06 22:41:00 -0400
1223,9839,2015-10-06 23:05:27 -0400
1224,9844,2015-10-07 00:47:03 -0400
1225,9852,2015-10-07 02:50:40 -0400
1226,9858,2015-10-07 04:28:00 -0400
1227,9861,2015-10-07 05:40:05 -0400
1228,9870,2015-10-07 07:50:06 -0400
1229,9884,2015-10-07 10:22:44 -0400
1230,9892,2015-10-07 12:04:33 -0400
1231,9894,2015-10-07 12:31:21 -0400
1232,9896,2015-10-07 12:38:35 -0400
1233,9906,2015-10-07 16:26:39 -0400
1234,9910,2015-10-07 17:10:15 -0400
1235,9919,2015-10-07 18:40:26 -0400
1236,9943,2015-10-07 23:35:41 -0400
1237,9955,2015-10-08 01:41:07 -0400
1238,9956,2015-10-08 02:17:19 -0400
1239,9973,2015-10-08 04:50:09 -0400
1240,9978,2015-10-08 05:34:37 -0400
1241,9983,2015-10-08 05:44:10 -0400
1242,9990,2015-10-08 07:44:09 -0400
1243,9992,2015-10-08 09:01:00 -0400
1244,10026,2015-10-08 14:28:13 -0400
1245,10027,2015-10-08 14:30:31 -0400
1246,10029,2015-10-08 14:43:49 -0400
1247,10035,2015-10-08 15:39:18 -0400
1248,10041,2015-10-08 17:13:31 -0400
1249,10043,2015-10-08 17:39:34 -0400
1250,10049,2015-10-08 18:35:00 -0400
1251,10052,2015-10-08 18:54:10 -0400
1252,10054,2015-10-08 18:59:37 -0400
1253,10062,2015-10-08 20:47:32 -0400
1254,10066,2015-10-08 21:22:03 -0400
1255,10080,2015-10-08 23:53:58 -0400
1256,10089,2015-10-09 01:35:26 -0400
1257,10094,2015-10-09 03:04:21 -0400
1258,10098,2015-10-09 04:07:47 -0400
1259,10099,2015-10-09 04:11:26 -0400
1260,10107,2015-10-09 04:43:06 -0400
1261,10109,2015-10-09 05:02:13 -0400
1262,10122,2015-10-09 07:50:24 -0400
1263,10178,2015-10-09 19:14:58 -0400
1264,10188,2015-10-09 21:05:46 -0400
1265,10196,2015-10-09 21:49:05 -0400
1266,10215,2015-10-10 01:17:38 -0400
1267,10227,2015-10-10 04:29:28 -0400
1268,10229,2015-10-10 04:45:44 -0400
1269,10241,2015-10-10 07:09:13 -0400
1270,10255,2015-10-10 09:58:18 -0400
1271,10263,2015-10-10 11:22:03 -0400
1272,10286,2015-10-10 15:19:08 -0400
1273,10297,2015-10-10 16:31:54 -0400
1274,10324,2015-10-10 23:21:28 -0400
1275,10327,2015-10-10 23:45:55 -0400
1276,10335,2015-10-11 00:50:01 -0400
1277,10339,2015-10-11 01:19:08 -0400
1278,10347,2015-10-11 02:14:55 -0400
1279,10353,2015-10-11 02:54:23 -0400
1280,10354,2015-10-11 03:11:34 -0400
1281,10358,2015-10-11 03:49:00 -0400
1282,10360,2015-10-11 04:10:49 -0400
1283,10362,2015-10-11 04:20:49 -0400
1284,10364,2015-10-11 04:45:45 -0400
1285,10366,2015-10-11 04:55:47 -0400
1286,10367,2015-10-11 04:56:09 -0400
1287,10369,2015-10-11 05:01:49 -0400
1288,10374,2015-10-11 05:15:54 -0400
1289,10391,2015-10-11 07:53:52 -0400
1290,10394,2015-10-11 08:22:45 -0400
1291,10418,2015-10-11 12:21:35 -0400
1292,10421,2015-10-11 13:11:45 -0400
1293,10427,2015-10-11 13:44:02 -0400
1294,10428,2015-10-11 13:51:47 -0400
1295,10429,2015-10-11 14:05:18 -0400
1296,10433,2015-10-11 14:11:24 -0400
1297,10441,2015-10-11 16:06:00 -0400
1298,10447,2015-10-11 16:53:36 -0400
1299,10448,2015-10-11 16:55:48 -0400
1300,10465,2015-10-11 22:21:36 -0400
1301,10477,2015-10-12 00:31:37 -0400
1302,10490,2015-10-12 03:28:02 -0400
1303,10496,2015-10-12 04:03:13 -0400
1304,10499,2015-10-12 04:14:26 -0400
1305,10505,2015-10-12 07:33:25 -0400
1306,10507,2015-10-12 07:52:45 -0400
1307,10511,2015-10-12 08:06:39 -0400
1308,10512,2015-10-12 08:08:55 -0400
1309,10524,2015-10-12 11:36:40 -0400
1310,10525,2015-10-12 11:39:45 -0400
1311,10532,2015-10-12 13:24:16 -0400
1312,10543,2015-10-12 15:48:27 -0400
1313,10544,2015-10-12 16:04:42 -0400
1314,10562,2015-10-12 19:16:24 -0400
1315,10571,2015-10-12 20:34:15 -0400
1316,10576,2015-10-12 21:00:00 -0400
1317,10580,2015-10-12 21:41:54 -0400
1318,10595,2015-10-13 00:48:22 -0400
1319,10601,2015-10-13 01:50:11 -0400
1320,10607,2015-10-13 02:17:04 -0400
1321,10617,2015-10-13 04:37:32 -0400
1322,10637,2015-10-13 09:52:12 -0400
1323,10640,2015-10-13 10:13:29 -0400
1324,10641,2015-10-13 10:31:47 -0400
1325,10644,2015-10-13 10:57:47 -0400
1326,10649,2015-10-13 12:11:42 -0400
1327,10660,2015-10-13 15:25:32 -0400
1328,10675,2015-10-13 17:44:20 -0400
1329,10680,2015-10-13 18:29:06 -0400
1330,10693,2015-10-13 20:39:54 -0400
1331,10694,2015-10-13 20:47:31 -0400
1332,10706,2015-10-13 22:41:53 -0400
1333,10714,2015-10-13 23:24:49 -0400
1334,10725,2015-10-14 01:42:59 -0400
1335,10741,2015-10-14 05:10:26 -0400
1336,10744,2015-10-14 05:49:02 -0400
1337,10749,2015-10-14 07:03:05 -0400
1338,10750,2015-10-14 07:08:46 -0400
1339,10752,2015-10-14 07:22:11 -0400
1340,10753,2015-10-14 07:35:13 -0400
1341,10769,2015-10-14 11:21:20 -0400
1342,10792,2015-10-14 15:01:33 -0400
1343,10806,2015-10-14 19:08:40 -0400
1344,10816,2015-10-14 20:13:31 -0400
1345,10821,2015-10-14 21:00:22 -0400
1346,10828,2015-10-14 22:22:21 -0400
1347,10830,2015-10-14 22:34:03 -0400
1348,10833,2015-10-14 23:34:28 -0400
1349,10836,2015-10-15 00:12:39 -0400
1350,10844,2015-10-15 01:25:03 -0400
1351,10846,2015-10-15 01:35:21 -0400
1352,10848,2015-10-15 01:40:20 -0400
1353,10850,2015-10-15 01:57:19 -0400
1354,10864,2015-10-15 05:03:42 -0400
1355,10870,2015-10-15 05:47:25 -0400
1356,10885,2015-10-15 09:35:28 -0400
1357,10888,2015-10-15 10:24:00 -0400
1358,10892,2015-10-15 10:54:13 -0400
1359,10893,2015-10-15 11:00:56 -0400
1360,10948,2015-10-15 20:44:52 -0400
1361,10961,2015-10-15 22:38:19 -0400
1362,10982,2015-10-16 03:06:09 -0400
1363,11004,2015-10-16 09:39:26 -0400
1364,11010,2015-10-16 11:13:14 -0400
1365,11020,2015-10-16 11:52:31 -0400
1366,11026,2015-10-16 13:18:25 -0400
1367,11034,2015-10-16 14:47:41 -0400
1368,11035,2015-10-16 14:48:40 -0400
1369,11037,2015-10-16 15:02:27 -0400
1370,11043,2015-10-16 16:24:28 -0400
1371,11057,2015-10-16 19:13:16 -0400
1372,11108,2015-10-17 05:54:18 -0400
1373,11117,2015-10-17 08:46:44 -0400
1374,11121,2015-10-17 09:23:33 -0400
1375,11123,2015-10-17 10:00:57 -0400
1376,11124,2015-10-17 10:02:36 -0400
1377,11126,2015-10-17 10:30:35 -0400
1378,11136,2015-10-17 12:46:53 -0400
1379,11149,2015-10-17 15:25:45 -0400
1380,11157,2015-10-17 17:13:16 -0400
1381,11191,2015-10-18 00:23:51 -0400
1382,11205,2015-10-18 04:35:17 -0400
1383,11207,2015-10-18 04:46:39 -0400
1384,11212,2015-10-18 05:15:22 -0400
1385,11213,2015-10-18 05:28:23 -0400
1386,11214,2015-10-18 05:30:30 -0400
1387,11221,2015-10-18 06:27:17 -0400
1388,11222,2015-10-18 06:50:30 -0400
1389,11223,2015-10-18 06:52:33 -0400
1390,11245,2015-10-18 10:52:06 -0400
1391,11249,2015-10-18 11:31:09 -0400
1392,11266,2015-10-18 15:07:26 -0400
1393,11267,2015-10-18 15:35:36 -0400
1394,11270,2015-10-18 16:13:02 -0400
1395,11282,2015-10-18 17:20:51 -0400
1396,11285,2015-10-18 17:55:53 -0400
1397,11294,2015-10-18 18:51:17 -0400
1398,11305,2015-10-18 20:23:48 -0400
1399,11336,2015-10-19 03:44:24 -0400
1400,11344,2015-10-19 05:03:30 -0400
1401,11353,2015-10-19 07:09:50 -0400
1402,11357,2015-10-19 07:27:49 -0400
1403,11362,2015-10-19 08:34:31 -0400
1404,11364,2015-10-19 09:00:07 -0400
1405,11373,2015-10-19 10:31:35 -0400
1406,11375,2015-10-19 10:33:05 -0400
1407,11390,2015-10-19 12:36:48 -0400
1408,11394,2015-10-19 13:39:21 -0400
1409,11396,2015-10-19 13:47:52 -0400
1410,11397,2015-10-19 13:48:01 -0400
1411,11403,2015-10-19 15:19:54 -0400
1412,11419,2015-10-19 19:07:50 -0400
1413,11422,2015-10-19 19:16:54 -0400
1414,11439,2015-10-19 22:18:52 -0400
1415,11450,2015-10-20 00:54:42 -0400
1416,11494,2015-10-20 07:35:46 -0400
1417,11506,2015-10-20 10:25:28 -0400
1418,11526,2015-10-20 13:48:33 -0400
1419,11530,2015-10-20 14:24:31 -0400
1420,11536,2015-10-20 15:45:27 -0400
1421,11539,2015-10-20 16:17:48 -0400
1422,11541,2015-10-20 16:31:31 -0400
1423,11542,2015-10-20 16:55:19 -0400
1424,11550,2015-10-20 19:02:14 -0400
1425,11555,2015-10-20 20:34:03 -0400
1426,11556,2015-10-20 20:34:48 -0400
1427,11570,2015-10-21 01:36:06 -0400
1428,11574,2015-10-21 02:49:46 -0400
1429,11582,2015-10-21 04:52:14 -0400
1430,11599,2015-10-21 07:39:07 -0400
1431,11605,2015-10-21 09:04:12 -0400
1432,11606,2015-10-21 09:23:38 -0400
1433,11614,2015-10-21 10:40:41 -0400
1434,11616,2015-10-21 10:46:20 -0400
1435,11622,2015-10-21 13:10:01 -0400
1436,11629,2015-10-21 14:49:54 -0400
1437,11637,2015-10-21 15:54:26 -0400
1438,11641,2015-10-21 17:35:45 -0400
1439,11648,2015-10-21 18:47:41 -0400
1440,11651,2015-10-21 18:56:18 -0400
1441,11653,2015-10-21 19:36:56 -0400
1442,11664,2015-10-21 22:34:28 -0400
1443,11666,2015-10-21 22:39:43 -0400
1444,11689,2015-10-22 04:27:17 -0400
1445,11708,2015-10-22 08:15:33 -0400
1446,11709,2015-10-22 08:31:42 -0400
1447,11715,2015-10-22 10:29:58 -0400
1448,11721,2015-10-22 11:15:16 -0400
1449,11722,2015-10-22 11:21:52 -0400
1450,11730,2015-10-22 14:33:11 -0400
1451,11731,2015-10-22 14:35:36 -0400
1452,11746,2015-10-22 17:22:32 -0400
1453,11753,2015-10-22 19:14:56 -0400
1454,11755,2015-10-22 19:26:48 -0400
1455,11756,2015-10-22 20:20:12 -0400
1456,11766,2015-10-22 22:18:44 -0400
1457,11773,2015-10-22 23:43:39 -0400
1458,11788,2015-10-23 02:47:26 -0400
1459,11793,2015-10-23 03:36:08 -0400
1460,11802,2015-10-23 05:02:45 -0400
1461,11821,2015-10-23 09:36:47 -0400
1462,11845,2015-10-23 14:37:33 -0400
1463,11847,2015-10-23 14:51:06 -0400
1464,11851,2015-10-23 15:07:32 -0400
1465,11866,2015-10-23 17:19:38 -0400
1466,11868,2015-10-23 17:39:42 -0400
1467,11869,2015-10-23 17:42:15 -0400
1468,11881,2015-10-23 20:18:18 -0400
1469,11882,2015-10-23 20:33:54 -0400
1470,11895,2015-10-23 22:40:01 -0400
1471,11898,2015-10-23 22:49:58 -0400
1472,11902,2015-10-24 00:14:34 -0400
1473,11903,2015-10-24 00:17:49 -0400
1474,11907,2015-10-24 00:52:04 -0400
1475,11913,2015-10-24 02:32:06 -0400
1476,11918,2015-10-24 03:10:14 -0400
1477,11920,2015-10-24 03:38:31 -0400
1478,11931,2015-10-24 06:06:28 -0400
1479,11944,2015-10-24 08:40:55 -0400
1480,11947,2015-10-24 09:04:36 -0400
1481,11951,2015-10-24 09:28:01 -0400
1482,11970,2015-10-24 14:22:53 -0400
1483,11997,2015-10-24 18:39:36 -0400
1484,12000,2015-10-24 18:59:36 -0400
1485,12009,2015-10-24 20:28:33 -0400
1486,12025,2015-10-24 23:09:02 -0400
1487,12027,2015-10-24 23:11:13 -0400
1488,12028,2015-10-24 23:15:08 -0400
1489,12031,2015-10-24 23:36:23 -0400
